-- phpMyAdmin SQL Dump
-- version 4.3.11
-- http://www.phpmyadmin.net
--
-- ‰∏ªÊ©ü: 127.0.0.1
-- Áî¢ÁîüÊôÇÈñìÔºö 2016 Âπ?01 ??08 ??15:03
-- ‰º∫ÊúçÂô®ÁâàÊú¨: 5.6.24
-- PHP ÁâàÊú¨Ôºö 5.6.8

SET SQL_MODE = "NO_AUTO_VALUE_ON_ZERO";
SET time_zone = "+00:00";


/*!40101 SET @OLD_CHARACTER_SET_CLIENT=@@CHARACTER_SET_CLIENT */;
/*!40101 SET @OLD_CHARACTER_SET_RESULTS=@@CHARACTER_SET_RESULTS */;
/*!40101 SET @OLD_COLLATION_CONNECTION=@@COLLATION_CONNECTION */;
/*!40101 SET NAMES utf8 */;

--
-- Ë≥áÊñôÂ∫´Ôºö `fin`
--
CREATE DATABASE IF NOT EXISTS `fin` DEFAULT CHARACTER SET utf8 COLLATE utf8_unicode_ci;
USE `fin`;

-- --------------------------------------------------------

--
-- Ë≥áÊñôË°®ÁµêÊßã `bag`
--

DROP TABLE IF EXISTS `bag`;
CREATE TABLE IF NOT EXISTS `bag` (
  `playerid` varchar(20) COLLATE utf8_unicode_ci NOT NULL,
  `foodid` int(10) NOT NULL,
  `number` int(10) NOT NULL DEFAULT '0'
) ENGINE=InnoDB DEFAULT CHARSET=utf8 COLLATE=utf8_unicode_ci;

--
-- Ë≥áÊñôË°®ÁöÑÂåØÂá∫Ë≥áÊñô `bag`
--

INSERT INTO `bag` (`playerid`, `foodid`, `number`) VALUES
('admin', 1, 14),
('admin', 2, 14),
('admin', 3, 2),
('admin', 4, 20);

-- --------------------------------------------------------

--
-- Ë≥áÊñôË°®ÁµêÊßã `food`
--

DROP TABLE IF EXISTS `food`;
CREATE TABLE IF NOT EXISTS `food` (
  `fid` int(10) NOT NULL,
  `name` varchar(10) COLLATE utf8_unicode_ci NOT NULL,
  `price` int(10) NOT NULL,
  `recovery` int(10) NOT NULL
) ENGINE=InnoDB DEFAULT CHARSET=utf8 COLLATE=utf8_unicode_ci;

--
-- Ë≥áÊñôË°®ÁöÑÂåØÂá∫Ë≥áÊñô `food`
--

INSERT INTO `food` (`fid`, `name`, `price`, `recovery`) VALUES
(1, 'È∫µÂåÖ', 5000, 10),
(2, 'Redbull', 50000, 55),
(3, '‰∏É‰∏É‰π≥Âä†Â∑ßÂÖãÂäõ', 75000, 60),
(4, '‰æøÁï∂', 10000, 15);

-- --------------------------------------------------------

--
-- Ë≥áÊñôË°®ÁµêÊßã `landnumber`
--

DROP TABLE IF EXISTS `landnumber`;
CREATE TABLE IF NOT EXISTS `landnumber` (
  `level` int(10) NOT NULL,
  `number` int(10) NOT NULL
) ENGINE=InnoDB DEFAULT CHARSET=utf8 COLLATE=utf8_unicode_ci;

--
-- Ë≥áÊñôË°®ÁöÑÂåØÂá∫Ë≥áÊñô `landnumber`
--

INSERT INTO `landnumber` (`level`, `number`) VALUES
(1, 4),
(10, 5),
(12, 6),
(14, 7),
(16, 8),
(18, 9),
(20, 10);

-- --------------------------------------------------------

--
-- Ë≥áÊñôË°®ÁµêÊßã `lands`
--

DROP TABLE IF EXISTS `lands`;
CREATE TABLE IF NOT EXISTS `lands` (
  `landid` int(10) NOT NULL,
  `playerid` varchar(20) COLLATE utf8_unicode_ci NOT NULL,
  `status` int(2) NOT NULL,
  `finishtime` int(20) NOT NULL,
  `plantid` int(10) NOT NULL
) ENGINE=InnoDB DEFAULT CHARSET=utf8 COLLATE=utf8_unicode_ci;

--
-- Ë≥áÊñôË°®ÁöÑÂåØÂá∫Ë≥áÊñô `lands`
--

INSERT INTO `lands` (`landid`, `playerid`, `status`, `finishtime`, `plantid`) VALUES
(1, 'admin', 1, 1452310650, 8),
(2, 'admin', 0, 0, 0),
(3, 'admin', 0, 0, 0),
(4, 'admin', 0, 0, 0),
(5, 'admin', -1, 0, 0),
(6, 'admin', -1, 0, 0),
(7, 'admin', -1, 0, 0),
(8, 'admin', 0, 0, 0),
(9, 'admin', -1, 0, 0),
(10, 'admin', -1, 0, 0),
(11, 'admin', -1, 0, 0),
(12, 'admin', -1, 0, 0),
(13, 'admin', -1, 0, 0),
(14, 'admin', -1, 0, 0),
(15, 'admin', -1, 0, 0),
(16, 'admin', -1, 0, 0),
(17, 'admin', -1, 0, 0),
(18, 'admin', -1, 0, 0),
(19, 'admin', -1, 0, 0),
(20, 'admin', -1, 0, 0),
(21, 'admin', -1, 0, 0),
(22, 'admin', -1, 0, 0),
(23, 'admin', -1, 0, 0),
(24, 'admin', -1, 0, 0),
(25, 'admin', -1, 0, 0);

-- --------------------------------------------------------

--
-- Ë≥áÊñôË°®ÁµêÊßã `levels`
--

DROP TABLE IF EXISTS `levels`;
CREATE TABLE IF NOT EXISTS `levels` (
  `level` int(3) NOT NULL,
  `exp` int(10) NOT NULL
) ENGINE=InnoDB DEFAULT CHARSET=utf8 COLLATE=utf8_unicode_ci;

--
-- Ë≥áÊñôË°®ÁöÑÂåØÂá∫Ë≥áÊñô `levels`
--

INSERT INTO `levels` (`level`, `exp`) VALUES
(1, 0),
(2, 15),
(3, 49),
(4, 106),
(5, 198),
(6, 333),
(7, 705),
(8, 1265),
(9, 2507),
(10, 3749),
(11, 4991),
(12, 6233),
(13, 7475),
(14, 8717),
(15, 9959),
(16, 11449),
(17, 13237),
(18, 15382),
(19, 17956),
(20, 21044);

-- --------------------------------------------------------

--
-- Ë≥áÊñôË°®ÁµêÊßã `plants`
--

DROP TABLE IF EXISTS `plants`;
CREATE TABLE IF NOT EXISTS `plants` (
  `plantid` int(10) NOT NULL,
  `name` varchar(10) COLLATE utf8_unicode_ci NOT NULL,
  `sellvalue` int(10) NOT NULL,
  `growtime` int(20) NOT NULL,
  `expget` int(10) NOT NULL
) ENGINE=InnoDB AUTO_INCREMENT=9 DEFAULT CHARSET=utf8 COLLATE=utf8_unicode_ci;

--
-- Ë≥áÊñôË°®ÁöÑÂåØÂá∫Ë≥áÊñô `plants`
--

INSERT INTO `plants` (`plantid`, `name`, `sellvalue`, `growtime`, `expget`) VALUES
(1, 'ÂèØÂèØ', 3113, 60, 10),
(2, 'Â∞èÈ∫•', 1000, 90, 1),
(3, 'ËòãÊûú', 614, 600, 20),
(4, 'Ê©òÂ≠ê', 215, 1800, 35),
(5, 'Ëë°ËêÑ', 123, 3600, 50),
(6, 'È¶ôËïâ', 500, 21600, 42),
(7, 'ÁîòËîó', 200, 43200, 90),
(8, '‰∫∫ÂèÉ', 1, 86400, 80);

-- --------------------------------------------------------

--
-- Ë≥áÊñôË°®ÁµêÊßã `test`
--

DROP TABLE IF EXISTS `test`;
CREATE TABLE IF NOT EXISTS `test` (
  `id` int(10) NOT NULL,
  `value` int(10) NOT NULL
) ENGINE=InnoDB AUTO_INCREMENT=2 DEFAULT CHARSET=utf8 COLLATE=utf8_unicode_ci;

--
-- Ë≥áÊñôË°®ÁöÑÂåØÂá∫Ë≥áÊñô `test`
--

INSERT INTO `test` (`id`, `value`) VALUES
(1, 7);

-- --------------------------------------------------------

--
-- Ë≥áÊñôË°®ÁµêÊßã `user`
--

DROP TABLE IF EXISTS `user`;
CREATE TABLE IF NOT EXISTS `user` (
  `id` varchar(20) COLLATE utf8_unicode_ci NOT NULL,
  `pw` char(40) COLLATE utf8_unicode_ci NOT NULL,
  `name` varchar(10) COLLATE utf8_unicode_ci NOT NULL,
  `energy` int(3) NOT NULL DEFAULT '100',
  `exp` int(10) NOT NULL DEFAULT '0',
  `level` int(3) NOT NULL DEFAULT '1',
  `exptonext` int(10) NOT NULL,
  `money` int(10) NOT NULL,
  `landsavaliable` int(3) NOT NULL DEFAULT '4'
) ENGINE=InnoDB DEFAULT CHARSET=utf8 COLLATE=utf8_unicode_ci;

--
-- Ë≥áÊñôË°®ÁöÑÂåØÂá∫Ë≥áÊñô `user`
--

INSERT INTO `user` (`id`, `pw`, `name`, `energy`, `exp`, `level`, `exptonext`, `money`, `landsavaliable`) VALUES
('admin', 'd033e22ae348aeb5660fc2140aec35850c4da997', 'ViperLiu1', 97, 3758, 10, 4991, 23368, 5),
('admin2', '315f166c5aca63a157f7d41007675cb44a948b33', 'ViperLiu2', 100, 0, 1, 0, 100, 4),
('admin3', '7c222fb2927d828af22f592134e8932480637c0d', 'ViperLiu3', 100, 0, 1, 0, 100, 4),
('admin4', 'ea053d11a8aad1ccf8c18f9241baeb9ec47e5d64', 'ViperLiu4', 100, 0, 1, 0, 100, 4),
('admin5', '35cc6a0d62fb5a6042d2bb250adfb03ef31a45c8', 'Ê∏¨Ë©¶Â∏≥Ëôü', 100, 0, 1, 0, 100, 4);

--
-- Â∑≤ÂåØÂá∫Ë≥áÊñôË°®ÁöÑÁ¥¢Âºï
--

--
-- Ë≥áÊñôË°®Á¥¢Âºï `bag`
--
ALTER TABLE `bag`
  ADD PRIMARY KEY (`playerid`,`foodid`);

--
-- Ë≥áÊñôË°®Á¥¢Âºï `food`
--
ALTER TABLE `food`
  ADD PRIMARY KEY (`fid`);

--
-- Ë≥áÊñôË°®Á¥¢Âºï `landnumber`
--
ALTER TABLE `landnumber`
  ADD PRIMARY KEY (`level`);

--
-- Ë≥áÊñôË°®Á¥¢Âºï `lands`
--
ALTER TABLE `lands`
  ADD PRIMARY KEY (`landid`,`playerid`);

--
-- Ë≥áÊñôË°®Á¥¢Âºï `levels`
--
ALTER TABLE `levels`
  ADD PRIMARY KEY (`level`);

--
-- Ë≥áÊñôË°®Á¥¢Âºï `plants`
--
ALTER TABLE `plants`
  ADD PRIMARY KEY (`plantid`);

--
-- Ë≥áÊñôË°®Á¥¢Âºï `test`
--
ALTER TABLE `test`
  ADD PRIMARY KEY (`id`);

--
-- Ë≥áÊñôË°®Á¥¢Âºï `user`
--
ALTER TABLE `user`
  ADD PRIMARY KEY (`id`);

--
-- Âú®ÂåØÂá∫ÁöÑË≥áÊñôË°®‰ΩøÁî® AUTO_INCREMENT
--

--
-- ‰ΩøÁî®Ë≥áÊñôË°® AUTO_INCREMENT `plants`
--
ALTER TABLE `plants`
  MODIFY `plantid` int(10) NOT NULL AUTO_INCREMENT,AUTO_INCREMENT=9;
--
-- ‰ΩøÁî®Ë≥áÊñôË°® AUTO_INCREMENT `test`
--
ALTER TABLE `test`
  MODIFY `id` int(10) NOT NULL AUTO_INCREMENT,AUTO_INCREMENT=2;
/*!40101 SET CHARACTER_SET_CLIENT=@OLD_CHARACTER_SET_CLIENT */;
/*!40101 SET CHARACTER_SET_RESULTS=@OLD_CHARACTER_SET_RESULTS */;
/*!40101 SET COLLATION_CONNECTION=@OLD_COLLATION_CONNECTION */;
